{
    "name": "first-network-org3",
    "version": "1.0.0",
    "client": {
        "organization": "Org3",
        "connection": {
            "timeout": {
                "peer": {
                    "endorser": "300"
                }
            }
        }
    },
    "organizations": {
        "Org3": {
            "mspid": "Org3MSP",
            "peers": [
                "peer0.org3.example.com",
                "peer1.org3.example.com"
            ],
            "certificateAuthorities": [
                "ca.org3.example.com"
            ]
        }
    },
    "peers": {
        "peer0.org3.example.com": {
            "url": "grpcs://peer0.org1.example.com:11051",
            "tlsCACerts": {
                "pem": ""
            },
            "grpcOptions": {
                "ssl-target-name-override": "peer0.org3.example.com",
                "hostnameOverride": "peer0.org3.example.com"
            }
        },
	"peer1.org3.example.com": {
            "url": "grpcs://peer1.org1.example.com:12051",
            "tlsCACerts": {
                "pem": ""
            },
            "grpcOptions": {
                "ssl-target-name-override": "peer1.org3.example.com",
                "hostnameOverride": "peer1.org3.example.com"
            }
        }

	
    },
    "certificateAuthorities": {
        "ca.org3.example.com": {
            "url": "https://ca.org1.example.com:9054",
            "caName": "ca.org3.example.com",
            "tlsCACerts": {
                "pem": ""
            },
            "httpOptions": {
                "verify": false
            }
        }
    }
}
